population,numATMs,ATMwithdr,withdrvalue,unemprate,numbranches
3722,1,".25542593","79.13402557",.0728676,.5
7006,2,"1.837865114","102.6663437",.0226948,.5
4234,0,"missing","missing",.0273973,.125
6229,0,"missing","missing",.024402,.75
10303,1,".6062539816","98.93833923",.0284383,.375
7424,0,"missing","missing",.0373114,.875
2868,0,"missing","missing",.0355649,.375
7129,1,".8399091363","89.14505768",.0352083,.625
5422,0,"missing","missing",.0337514,.125
11564,2,"1.479088187","95.35142517",.0393462,.75
13634,1,".4728165567","101.8217239",.023104,.75
11864,0,"missing","missing",.0321982,.625
21657,4,"1.616903305","87.98657227",.0422984,1.25
4105,0,"missing","missing",.0326871,.25
8933,0,"missing","missing",.0425013,.5
6014,0,"missing","missing",.0310941,.375
9143,1,"1.120984554","100.0271301",.0325932,.5
6471,0,"missing","missing",.0327616,.125
5540,0,"missing","missing",.0272563,.375
4992,0,"missing","missing",.0291726,.375
7871,1,".8060780168","94.02532196",.0364711,.625
22233,3,"1.02925384","91.56924438",.0475795,1.125
8782,1,".9040240645","98.06972504",.035755,.75
9144,1,".446885556","90.92995453",.036308,.625
22148,3,".9759710431","95.11981201",.0228781,1.75
6220,0,"missing","missing",.0228781,.75
5064,0,"missing","missing",.0131371,.6875
1982,0,"missing","missing",.0237134,.25
9839,1,".7094323039","97.88404083",.017888,1
7796,1,".6054539084","107.088913",.0143663,.8125
21307,2,".6818083525","96.7721405",.0238579,1.75
3278,0,"missing","missing",.0238579,.5
17900,2,".660166204","106.1417313",.0172626,1.125
4059,0,"missing","missing",.0189363,.375
5257,0,"missing","missing",.0189363,.5
2559,0,"missing","missing",.0112755,.375
4110,0,"missing","missing",.0174293,.125
5056,1,".7108969688","97.06452942",.0174293,.75
18196,2,".7566719055","100.0709915",.0208185,1.625
5951,2,"2.633136034","104.9790421",.013314,.875
2689,0,"missing","missing",.013314,.125
11831,1,".5737721324","107.3751907",.0129321,1
8615,1,".6640569568","103.9465485",.0114916,1
8844,0,"missing","missing",.0107417,1
8560,1,".7014475465","112.3472061",.0181013,.875
2047,0,"missing","missing",.0181013,.25
14254,1,".4867691696","101.0538177",.013961,1.125
11651,1,".5647422075","107.8446655",.0150202,1.25
10535,1,".8200903535","97.6971817",.0123398,1.25
17166,3,".8953496814","105.2461548",.015088,2.125
15444,1,".5982964635","100.0321503",.0204106,.875
3873,1,".9495713115","97.79012299",.0204106,.625
11096,1,".6035115123","102.5961304",.0167482,.875
7294,0,"missing","missing",.0167482,.75
8732,1,".8232467175","101.2085037",.0132845,1
10829,1,".599909246","102.3603516",.0137593,1.125
6942,1,"1.053541064","109.0342407",.0201046,.75
8884,2,"1.445601702","101.0306396",.0126888,1.5
4508,0,"missing","missing",.0126888,.625
7335,0,"missing","missing",.0126888,.375
11980,0,"missing","missing",.0443823,.75
9608,0,"missing","missing",.0443823,1
25582,3,".6474126577","106.8134308",.0311156,1.875
18007,2,".8590907454","113.0550308",.024877,1.625
5985,0,"missing","missing",.024877,.875
8712,0,"missing","missing",.024877,1.125
4680,0,"missing","missing",.024877,.625
13649,0,"missing","missing",.0279874,1.5
8690,0,"missing","missing",.0324511,1.25
6830,0,"missing","missing",.0125999,1
2645,0,"missing","missing",.0125999,.125
2668,0,"missing","missing",.0125999,.25
10920,1,".6888431907","110.0593109",.0276557,1.375
22024,2,".6497668624","111.3519363",.0250636,2.625
8315,1,".7863036394","112.4023972",.0223692,.875
15098,1,".4479586482","110.6353912",.0201351,1.6875
7181,1,".9731853008","105.6821289",.0208969,.875
3299,0,"missing","missing",.0208969,.25
7352,0,"missing","missing",.0229869,.875
38713,5,".9362015128","96.19567871",.0434996,3.375
10482,1,".4431467056","101.1912537",.0161229,1
6127,2,"1.793923855","107.109108",.0146063,1
3652,0,"missing","missing",.0146063,.75
2888,0,"missing","missing",.0146063,.375
1746,0,"missing","missing",.0146063,.125
3456,0,"missing","missing",.0146063,.625
8058,0,"missing","missing",.017374,.875
15846,1,".4694417417","108.9539413",.0212672,1.125
12444,1,".6366490126","106.3299255",.024108,1.25
11883,1,".5747702718","112.6825104",.0245729,1
5060,0,"missing","missing",.0202466,1
4520,0,"missing","missing",.0202466,.625
3558,0,"missing","missing",.0202466,.5
2156,0,"missing","missing",.0199443,.75
13949,1,".6217656732","105.091629",.0148398,1.625
31763,4,".8514554501","102.6305695",.0266977,2.75
9463,0,"missing","missing",.0247956,1.125
5338,1,"1.176394224","107.3557892",.0247956,.75
33879,3,".7268910408","104.0031204",.0261224,2
9204,1,".4901817441","102.913002",.0227075,1
17633,1,".5268602371","111.6983948",.023819,2.1875
9797,0,"missing","missing",.0238849,1
8489,1,".9450505376","107.9600143",.0272117,1
16222,1,".5346449018","104.3997269",.0302937,1
3188,0,"missing","missing",.0302937,.5
32386,4,".7490708232","94.52524567",.023961,2.375
17615,1,".3848968446","107.1168671",.0141924,2
9590,1,".4269719422","94.35254669",.0164812,.875
2363,0,"missing","missing",.0164812,.125
20497,2,".5972720981","109.624649",.0242475,1.875
15938,2,".829861939","101.0452423",.0181328,1.375
15389,1,".3999285698","110.4123993",.0169602,1.875
10169,1,".5724184513","111.9809189",.0240928,1.25
2019,0,"missing","missing",.0332054,.125
6336,0,"missing","missing",.0332054,.875
5099,0,"missing","missing",.0332054,.375
14237,1,".5816574097","105.3580093",.0143289,1.375
14549,1,".3169775009","100.2672958",.0149151,1.625
13931,1,".6171814203","102.0351639",.0163814,2
5176,0,"missing","missing",.0163814,.875
15780,1,".5094558001","107.2138672",.0159696,1.875
19841,2,".5817133188","105.2606125",.0143138,1.75
7536,0,"missing","missing",.0138004,1.125
16481,1,".304107666","103.6930542",.0156544,1.125
17342,3,".9112688303","106.1057892",.0151078,1.625
17253,1,".574716568","98.88096619",.02075,1.75
25329,2,".608443737","102.7772522",.0165818,2.5
19562,2,".6663190126","112.1813354",.0155403,1.5
20113,2,".543993175","105.3663483",.0143191,1.25
17641,1,".3862205148","100.0280151",.0163823,1.75
3404,0,"missing","missing",.0266251,.5
19017,2,".7082180381","97.94142151",.0153547,1.625
9054,1,".2376379073","99.09748077",.0136956,1.125
3208,0,"missing","missing",.0110128,.375
1738,0,"missing","missing",.0110128,.25
2570,0,"missing","missing",.0110128,.25
2706,0,"missing","missing",.0110128,.25
4923,1,"1.343321085","97.36789703",.0103185,.75
3993,0,"missing","missing",.0103185,.5
5701,0,"missing","missing",.0122713,.625
5565,0,"missing","missing",.0122713,.375
20225,2,".6362296343","104.6939011",.0130532,1.625
23846,2,".6235514283","110.1555481",.0143001,2.125
8092,1,".7605660558","99.25353241",.0155727,.75
3551,0,"missing","missing",.0155727,.5
2998,0,"missing","missing",.0155727,.5
8148,1,"1.0378232","104.7872925",.0199212,.875
5305,0,"missing","missing",.0199212,.5
9096,1,".7022872567","115.8701324",.0200088,1.25
12015,2,".8995342255","105.9349594",.0183104,.875
13223,1,".5058023334","103.5350266",.0166377,1.75
5540,1,"1.40295136","103.6988754",.0135834,.75
5871,0,"missing","missing",.0135834,.375
15149,3,"1.762681484","102.4691772",.0242468,1.625
7088,0,"missing","missing",.0242468,.5
5313,0,"missing","missing",.0242468,.75
9981,0,"missing","missing",.013895,1.25
2179,0,"missing","missing",.013895,.125
6437,0,"missing","missing",.012614,.75
2442,0,"missing","missing",.012614,.5
9582,0,"missing","missing",.0195111,1.125
4564,0,"missing","missing",.0195111,.75
17296,3,"1.209256172","96.70191193",.0258094,1.75
2884,0,"missing","missing",.0226602,.125
2835,0,"missing","missing",.0258094,.125
31494,4,".8650830388","94.54476929",.0239411,3.666667
5352,1,".7167673111","93.78115082",.0174535,1
6865,0,"missing","missing",.0154406,1
12184,1,".9336001873","103.3107681",.0156621,1.125
7255,0,"missing","missing",.0110269,1
3101,1,"1.645834327","106.7398682",.0147958,.875
1024,0,"missing","missing",.0147958,.125
8736,1,"1.088250041","105.7246857",.0161993,1.375
1141,0,"missing","missing",.0161993,.125
9235,2,"1.244367838","99.93577576",.0227986,1.25
3067,0,"missing","missing",.0227986,.25
7795,0,"missing","missing",.0257858,1.125
3694,0,"missing","missing",.0238878,.625
2083,0,"missing","missing",.0238878,.25
4618,0,"missing","missing",.0154971,.75
1125,0,"missing","missing",.0154971,.125
2752,0,"missing","missing",.0131597,.5
1699,0,"missing","missing",.0131597,.125
1229,0,"missing","missing",.0131597,.125
1767,0,"missing","missing",.0131597,.375
5825,1,".9663720131","101.0394592",.0307202,.75
11748,0,"missing","missing",.0307202,.75
3662,0,"missing","missing",.0307202,.5
19172,2,".6763935089","98.61327362",.0298352,1.375
29270,3,".7088660002","95.60131836",.0423642,2.125
11590,1,".7526355386","103.2198486",.0235548,1.375
8289,0,"missing","missing",.0250935,.875
30182,2,".5890818834","100.3130569",.040057,2.625
13541,1,".6836104989","104.0513687",.0264382,1.25
10938,1,".625190556","101.394455",.0209362,1
7459,1,".8743042946","100.0413742",.037887,.875
15701,0,"missing","missing",.037887,1
10198,1,".6116783023","95.7178421",.037887,.75
17251,2,".7009550929","93.43096924",.0289259,1.125
62860,6,".7416071296","92.73267365",.0491887,3.75
19411,1,".4244685471","103.3250122",.023628,1.875
4332,1,".918261528","99.35916138",.023628,.625
32467,2,".4638868272","98.32380676",.0510348,2.125
3097,0,"missing","missing",.0510348,.125
11843,0,"missing","missing",.0278646,1.375
18364,1,".351941824","103.706131",.0349053,1.625
9199,1,".7877993584","98.2329483",.0232634,.875
4827,1,"1.057330132","93.57084656",.0273973,.625
2400,0,"missing","missing",.0273973,.125
12565,1,".256853193","100.4500504",.0199761,1.375
23123,3,".6740647554","96.42909241",.0281105,2.375
6764,0,"missing","missing",.0272028,.625
29595,2,".5303196907","98.76052856",.030985,2.25
3284,0,"missing","missing",.0278983,.625
1336,0,"missing","missing",.0278983,.125
1038,0,"missing","missing",.0278983,.125
1874,0,"missing","missing",.0278983,.125
8885,0,"missing","missing",.0223694,1
28182,3,".7480691075","101.4842834",.0260252,3
15687,1,".3891415894","108.2480698",.0179129,2.375
1796,0,"missing","missing",.0228796,.5
32576,3,".7892457247","101.6236115",.0265117,2.75
2327,0,"missing","missing",.0265117,.125
2175,0,"missing","missing",.0265117,.125
5664,0,"missing","missing",.025702,.75
10045,1,".7397146225","107.1971817",.0222001,1.75
6510,0,"missing","missing",.0213518,.75
6602,0,"missing","missing",.0284762,.75
5649,0,"missing","missing",.026178,.875
1991,0,"missing","missing",.026178,.25
12746,1,".499214381","101.48452",.0192217,1.125
15480,1,".385725677","96.20638275",.0212532,1.875
30711,2,".4776484072","97.99718475",.0241933,2
13576,0,"missing","missing",.0182675,1.375
5890,1,"1.077471614","100.8239059",.0221708,.75
5341,0,"missing","missing",.0221708,.75
9392,0,"missing","missing",.0316227,1
11925,0,"missing","missing",.0192034,1.75
14045,2,".7089556456","98.78753662",.0232111,2
9896,2,"1.379511833","94.59588623",.0293714,.75
3961,0,"missing","missing",.0293714,.125
16009,2,".9199472666","101.7145462",.0312949,1.5
15337,2,".6595638394","101.940979",.0202778,1.5
10131,2,"1.320348263","84.2023468",.0894774,.75
4849,0,"missing","missing",.0379315,.25
4047,0,"missing","missing",.0192328,.125
2452,0,"missing","missing",.0192328,.25
13148,2,"1.059237242","88.81123352",.0435047,1.125
8957,0,"missing","missing",.0357315,.625
3497,0,"missing","missing",.0357315,.125
1655,0,"missing","missing",.0362413,.125
3336,0,"missing","missing",.0610583,.5
3164,1,"1.407476783","87.53264618",.056556,.25
2692,0,"missing","missing",.0338039,.375
1987,0,"missing","missing",.0360909,.125
2300,0,"missing","missing",.0513043,.125
1657,0,"missing","missing",.0323077,.125
2619,0,"missing","missing",.0404735,.125
4405,0,"missing","missing",.0412333,.25
717,0,"missing","missing",.0412333,.125
13309,1,".6798620224","95.23193359",.0429784,.875
2848,0,"missing","missing",.0379213,.125
13348,2,"1.191436648","93.29522705",.0408301,.875
7262,0,"missing","missing",.0425199,.5
2994,0,"missing","missing",.0323981,.375
4090,0,"missing","missing",.0375693,.5
3371,0,"missing","missing",.042124,.5
2600,0,"missing","missing",.0303846,.125
27141,2,".5057553053","93.23550415",.0669525,1.5
10981,1,".9417080283","99.77648926",.0564349,.125
20750,1,".3183050752","87.99604034",.0685551,.875
6601,1,".746645093","86.97562408",.04772,.625
5580,1,"1.050648808","91.9758606",.0690019,.5
19032,4,"1.538010001","86.46045685",.0738756,1.375
12152,1,".8392959833","90.95507813",.0450955,.5
5674,0,"missing","missing",.0468805,.5
2969,0,"missing","missing",.0263768,.375
13534,2,".8792943358","94.29967499",.0543846,.75
5379,0,"missing","missing",.0247258,.625
4127,0,"missing","missing",.0385268,.375
4975,0,"missing","missing",.0590955,.375
3552,0,"missing","missing",.036036,.125
2468,0,"missing","missing",.036872,.625
10855,3,"2.093500853","87.63505554",.0594549,1.041667
3519,0,"missing","missing",.0328714,.125
2151,0,"missing","missing",.0328714,.375
10535,1,".8572951555","96.09169769",.0465729,.75
7349,1,".9305121303","86.40950775",.041386,.875
5405,1,".9751195312","91.07466888",.041386,.625
4226,1,"1.487915754","90.96019745",.041844,.5
2373,0,"missing","missing",.0570871,.125
3642,0,"missing","missing",.0570871,.125
3682,0,"missing","missing",.0570871,.375
8182,0,"missing","missing",.0474212,.75
14454,2,".9871847034","94.88301086",.0216524,1.5
2251,1,"2.074669838","106.5776138",.0224486,.25
6470,0,"missing","missing",.0151688,.625
3155,0,"missing","missing",.0151688,.25
5536,0,"missing","missing",.0108382,.875
3888,1,".8279374242","98.09899902",.0079022,1
1336,0,"missing","missing",.0079022,.25
3652,0,"missing","missing",.0104895,.5
4999,2,"1.674892902","99.56135559",.0097608,1.125
818,0,"missing","missing",.0084671,.125
1513,0,"missing","missing",.0089474,.25
2287,0,"missing","missing",.0089474,.125
3400,0,"missing","missing",.0516833,.75
1195,0,"missing","missing",.0516833,.25
7617,0,"missing","missing",.0320336,.5
4957,0,"missing","missing",.0305709,.25
2940,0,"missing","missing",.0305709,.25
8633,1,".605678618","84.15175629",.0575686,.875
7615,1,".6428426504","89.83500671",.0499015,.625
3861,0,"missing","missing",.030044,.75
10362,2,"1.454290032","85.97102356",.0603165,.75
11223,1,".610057354","84.60206604",.0412546,.75
10184,2,"1.276627421","90.29321289",.0599961,.90625
6498,0,"missing","missing",.0267775,.875
11265,2,"1.225929856","91.29268646",.0366622,1
6509,1,".9967857003","89.08009338",.0354893,.625
1958,0,"missing","missing",.0312761,.5
3348,0,"missing","missing",.026583,.25
21722,0,"missing","missing",.0514748,1
14572,3,"1.452475905","89.38771057",.0400445,1.125
2068,0,"missing","missing",.0400445,.125
27051,4,".9137582779","94.32617188",.0704225,1.5
8817,1,".8521978259","96.99279785",.065782,.75
4350,0,"missing","missing",.0294933,.25
3584,0,"missing","missing",.0294933,.125
28259,3,".7085521817","91.05118561",.0514748,1.5
3900,1,"1.588768721","97.66484833",.0514748,.25
7355,1,".5680564642","89.16956329",.0439157,.625
7122,1,".7259826064","90.55017853",.0391744,.375
10909,1,".7109425068","99.38261414",.038317,.875
17548,2,".6582010984","100.0934677",.0602348,1.125
23648,2,".6284196377","91.60645294",.0613583,1.625
13668,1,".7047149539","96.94525909",.0339479,1
3614,0,"missing","missing",.0304376,.375
5845,0,"missing","missing",.0407186,.375
2101,0,"missing","missing",.0420413,.125
3281,1,".9150245786","88.09741974",.0429461,.5
4217,0,"missing","missing",.0476642,.125
6411,0,"missing","missing",.0335361,.375
10800,2,"1.640860558","91.3731842",.0660185,1
8001,0,"missing","missing",.0364954,.5
6765,0,"missing","missing",.0444937,.25
2427,0,"missing","missing",.0882883,.375
1000,0,"missing","missing",.0882883,.125
2865,0,"missing","missing",.0425829,.125
3140,0,"missing","missing",.0369427,.625
2490,0,"missing","missing",.0507901,.125
6358,2,"1.858599305","100.0333786",.0532923,.75
4337,1,".8537486196","96.74571228",.0382753,.625
11862,2,"1.212739825","96.24209595",.0488113,1.125
14562,2,".9987618327","90.88329315",.0466282,1
8034,1,"1.161541462","97.86884308",.0521533,.75
7063,2,"1.322407365","94.36558533",.0490233,.75
4382,0,"missing","missing",.057508,.25
9555,1,".7139356732","91.04434967",.0492481,.875
7533,1,".7594385147","94.73407745",.0454141,.75
9334,1,".2465912998","88.80020905",.0454141,.125
13282,2,"1.026575208","91.73062134",.0661045,1.125
5642,0,"missing","missing",.0716058,.75
2870,0,"missing","missing",.0414634,.125
13320,1,".7782217264","102.0880814",.0321321,1.125
8399,1,".9055318832","94.24408722",.0733003,.625
11519,2,".8072286248","96.52580261",.0692768,.625
3203,0,"missing","missing",.0701719,.125
6708,1,".9933222532","93.9048233",.0701719,.625
6250,0,"missing","missing",.0377964,.5
13000,2,".9577516317","96.08572388",.0664514,.875
6862,0,"missing","missing",.0664514,.5
12715,1,".6079947352","95.81151581",.0456818,.625
3287,0,"missing","missing",.0456818,.375
12041,1,".2756493688","94.52632141",.0356283,.75
3137,0,"missing","missing",.0573892,.5
5090,1,"1.674439907","98.2843399",.0508008,.875
4488,0,"missing","missing",.0579323,.75
5124,1,"1.162052035","92.24388123",.058122,.75
6183,1,"1.522758961","90.18143463",.0443471,.875
4254,0,"missing","missing",.0443471,.25
2123,0,"missing","missing",.0443471,.375
4322,0,"missing","missing",.0458211,.375
759,0,"missing","missing",.0458211,.125
9610,1,".8964238167","101.6650238",.0699272,1.1875
4062,0,"missing","missing",.0512063,.375
2069,0,"missing","missing",.0665236,.375
13644,1,"1.00361681","98.96154022",.0404573,1.041667
1439,0,"missing","missing",.0347464,.25
3560,0,"missing","missing",.0246154,.25
1807,1,"2.062936306","96.94845581",.0311396,.75
1696,0,"missing","missing",.0293488,.375
1548,0,"missing","missing",.0334842,.25
5384,1,"1.473031163","95.84368896",.0446205,.75
22767,5,"1.450160861","100.11306",.029153,1
4167,0,"missing","missing",.012239,.125
3454,0,"missing","missing",.0229435,.625
2372,0,"missing","missing",.0229435,.125
3428,0,"missing","missing",.0210035,.375
3298,0,"missing","missing",.0222802,.75
3202,0,"missing","missing",.0249844,.375
3964,0,"missing","missing",.0310293,.125
7175,2,"1.779466152","95.03134155",.0373644,.875
5642,1,".86173141","105.2473068",.0198063,.375
7151,2,"1.569693089","102.9070663",.0317536,.75
4014,0,"missing","missing",.0317536,.5
9315,2,"1.066265464","93.27333069",.0304885,.875
3801,0,"missing","missing",.0296053,.375
3884,1,"1.571695209","102.4687729",.038294,.625
3025,1,"1.775403023","95.05799103",.0450119,.625
6264,1,".9132902622","91.3938446",.0376756,1
3166,0,"missing","missing",.0339188,.625
5672,1,"1.22033298","90.56572723",.034732,.625
8065,2,"1.046435833","92.64220428",.0365778,.875
4338,0,"missing","missing",.0348087,.5
16563,2,".7542394996","94.16767883",.0439534,1
1704,0,"missing","missing",.0397767,.625
2282,0,"missing","missing",.0468887,.25
5444,1,"1.683511257","98.68174744",.0493057,.75
4494,0,"missing","missing",.0493057,.125
2062,0,"missing","missing",.0408418,.25
2934,0,"missing","missing",.0374915,.25
1143,0,"missing","missing",.0334408,.25
2287,1,"3.03749299","95.28032684",.0448702,.875
4982,1,"1.278869152","94.37862396",.0479727,.625
2806,0,"missing","missing",.0345688,.125
8893,1,".6376715899","91.03958893",.0748557,.625
7576,2,"1.29340446","100.7301941",.0748557,.75
5923,0,"missing","missing",.0748557,.5
6662,0,"missing","missing",.0748557,.5
4200,0,"missing","missing",.0748557,.25
5283,0,"missing","missing",.0390479,.375
2195,0,"missing","missing",.0390479,.5
9309,1,".5849875808","95.21927643",.0286819,.5
14883,3,"1.306135654","93.60323334",.0438561,.875
3881,0,"missing","missing",.0438561,.25
7972,0,"missing","missing",.0479177,.625
20705,2,".7008264661","91.61351013",.0772277,1.5
19338,2,".7671863437","86.8683548",.0463854,.8125
7540,0,"missing","missing",.059947,.375
16410,1,".2110013515","91.3610611",.0717086,.875
13971,1,".6816714406","94.93348694",.0705748,.625
4088,0,"missing","missing",.0531985,.625
8306,0,"missing","missing",.0580297,.125
8612,1,".8782936335","90.87445068",.0500155,.5
5119,0,"missing","missing",.0789612,.125
3976,0,"missing","missing",.0789612,.5
2303,0,"missing","missing",.0789612,.125
6022,1,"1.174333811","91.29078674",.0622671,.625
3885,0,"missing","missing",.0622671,.375
4763,0,"missing","missing",.0622671,.375
3045,0,"missing","missing",.0622671,.125
6761,0,"missing","missing",.0792782,.125
16837,2,".8420166373","96.1883316",.0808339,1.375
5833,2,"1.459722281","95.8325119",.0704098,.75
5055,0,"missing","missing",.051632,.25
4137,0,"missing","missing",.0577149,.75
4752,0,"missing","missing",.0577149,.25
3379,0,"missing","missing",.0577149,.5
1658,0,"missing","missing",.0577149,.125
10761,0,"missing","missing",.0577149,.5
8261,1,"1.210383654","100.3331985",.0712723,.875
2668,0,"missing","missing",.0712723,.125
1753,0,"missing","missing",.0476569,.25
2466,0,"missing","missing",.0476569,.375
4611,0,"missing","missing",.0411859,.5
5534,1,".6962084174","95.37226868",.0572993,.5
7081,1,".8562020659","92.14253235",.0560277,1
9597,1,".335419476","92.48649597",.0457435,.625
2892,1,"2.226155519","100.722168",.0423291,.5
774,0,"missing","missing",.0423291,.125
3204,0,"missing","missing",.028402,.125
5413,0,"missing","missing",.0358396,1.125
7672,2,"1.168520451","91.56642151",.0438972,.875
1115,0,"missing","missing",.0438972,.125
4419,0,"missing","missing",.0438972,.875
4335,0,"missing","missing",.0438972,.5
12195,2,"1.710284472","96.83535004",.0448922,1.15
3745,0,"missing","missing",.0448922,.125
7581,0,"missing","missing",.0300752,.75
10982,2,"1.306880474","98.80274963",.040703,.875
7881,2,"1.472971678","98.07759857",.0502017,.875
3522,0,"missing","missing",.0502017,.375
3089,0,"missing","missing",.0502017,.125
3801,0,"missing","missing",.0310445,.75
3217,0,"missing","missing",.0335716,.625
5600,0,"missing","missing",.0371429,.875
7593,3,"1.669424057","91.24485779",.0508268,.875
2588,0,"missing","missing",.0401252,.125
5757,1,".6562033296","93.26359558",.0401252,.75
2521,0,"missing","missing",.0401252,.5
1988,0,"missing","missing",.0437406,.5
5436,0,"missing","missing",.0394343,.625
2193,0,"missing","missing",.0572614,.5
4443,1,"1.724946737","98.28172302",.0572614,.75
4331,0,"missing","missing",.0572614,.375
2288,0,"missing","missing",.0572614,.25
21166,2,".5445098281","103.4272919",.0160163,2.0625
17483,1,".4483821988","107.6940231",.0186011,2.25
4505,0,"missing","missing",.0186011,.875
20941,4,"1.251651525","105.7045441",.0245074,2
11080,0,"missing","missing",.0148014,1.125
9300,1,".5918306708","101.8360214",.0229757,1.5
9471,3,"2.219798088","103.0928192",.027588,1.5
1947,0,"missing","missing",.027588,.125
2136,0,"missing","missing",.0287446,.125
5848,2,"2.196088552","97.41171265",.0287446,.625
8813,1,".4920577407","100.6745987",.0170203,1
11147,1,".4406499863","100.9786377",.0199157,1
13272,1,".1206427738","97.6962204",.0218505,1.875
13647,1,".335483849","106.5392227",.0131897,1.625
15590,0,"missing","missing",.0236374,1.75
2959,0,"missing","missing",.0236374,.5
7282,0,"missing","missing",.0190062,1
11426,1,".4963078797","103.4518051",.0144407,1.3125
2642,0,"missing","missing",.017398,.25
2843,0,"missing","missing",.017398,.125
2292,0,"missing","missing",.017398,.125
2414,0,"missing","missing",.017398,.5
11385,1,".4578080773","114.0425339",.0146324,1.75
1610,0,"missing","missing",.0146324,.375
5997,2,"1.741032004","110.7810593",.0205569,1
16782,1,".4934487045","101.2538071",.0198344,2.041667
12236,1,".4764026701","110.4280243",.0176528,2.0625
10332,2,"1.69500649","103.1369324",.0291328,1.5
11766,1,".8072932959","98.84175873",.0252422,1.291667
3608,0,"missing","missing",.0160754,.75
3231,0,"missing","missing",.0133086,.875
7686,0,"missing","missing",.0246584,1.375
9880,3,"1.945586085","91.9427948",.0445344,1.5
19952,4,"1.200423479","96.09113312",.0257117,2.25
8147,1,".725746572","104.9367218",.0211121,1.125
1959,0,"missing","missing",.0192906,.625
2862,0,"missing","missing",.0192906,.25
19115,2,".5492725372","106.7582855",.0164792,2.0625
8936,0,"missing","missing",.0155551,1.125
7931,0,"missing","missing",.0137435,1.625
14557,1,".556840539","112.9893799",.0116095,1.875
6593,0,"missing","missing",.0160777,1
12647,1,".3250842094","106.2973633",.0128884,1.8125
5012,0,"missing","missing",.0181564,.625
11036,1,".4088104963","110.7789764",.0160384,1
10659,1,".8606224656","113.0030136",.0157613,1
7367,0,"missing","missing",.0120809,1
5122,1,".8678088784","114.5751801",.0192233,.625
3365,1,"1.315969825","105.8219299",.0192233,.375
8312,1,".6079999804","109.7693329",.0116699,1
18800,2,".7700666785","103.52314",.0223936,1
9768,0,"missing","missing",.0103399,1.5625
10965,1,".4068943262","110.6049728",.0104879,1.8125
7077,1,".5750519633","107.0419769",.0140485,1
2319,0,"missing","missing",.0140485,.25
5491,0,"missing","missing",.0131124,1
9369,0,"missing","missing",.0114206,1.6875
10690,1,".3994190097","106.8862381",.0143124,1.291667
23076,2,".9229896069","102.1011505",.0235204,1.3
3712,0,"missing","missing",.0235204,.5
2590,0,"missing","missing",.0235204,.125
1938,0,"missing","missing",.0235204,.25
3760,0,"missing","missing",.0235204,.75
7602,1,".4355109632","104.2374954",.0202578,1.4375
17744,1,".3064308763","104.0971603",.0220356,1.875
1513,0,"missing","missing",.0192515,.5
2143,0,"missing","missing",.0192515,.25
1422,0,"missing","missing",.0192515,.125
1170,0,"missing","missing",.0192515,.75
966,0,"missing","missing",.0320911,.25
14810,2,".7556730509","94.554039",.0195302,1.416667
3223,0,"missing","missing",.0196696,.875
1913,0,"missing","missing",.0196696,.25
11581,0,"missing","missing",.0154564,2.625
12906,1,".6009353399","106.3694839",.0458646,1.5
13761,1,".5011779666","98.47068024",.0458646,1.125
6125,2,"2.281940937","104.1749878",.0458646,.875
6836,1,".7197579145","101.0924301",.0458646,1
17166,2,".7442624569","105.3601608",.0161948,1.6875
19098,1,".4921216965","111.120163",.0151848,1.8125
10410,2,"1.411535025","107.797142",.0158501,1.125
9433,0,"missing","missing",.0272382,.875
7217,0,"missing","missing",.025483,.75
39128,3,".5215342045","104.1817856",.0165616,3.5
6342,0,"missing","missing",.0166641,1.375
25780,2,".4975192547","106.0636597",.0287432,1.375
14583,1,".2830706239","100.0014954",.0211205,1.875
36532,2,".4846330285","104.4028168",.0301106,2.3125
16981,1,".3545768857","111.0510254",.0160492,2.125
5745,0,"missing","missing",.0236728,.75
6785,0,"missing","missing",.0197494,.875
15166,1,".6153121591","112.5062332",.0237278,1.5
43034,4,".7584825158","104.0313644",.0258865,5.125
22712,2,".5210309029","108.6389618",.0218387,1.8125
22765,2,".7286242247","111.9231873",.0256973,1.541667
20348,2,".6147605181","110.0933914",.0300275,1.125
10319,0,"missing","missing",.0156023,1
13652,1,".4514239728","108.3833313",.0186053,1.5
11040,1,".3346348107","111.2226334",.0213768,1.5
11606,0,"missing","missing",.0160262,1.625
17301,1,".4651495218","103.3214417",.0212704,1.25
13776,1,".4007479548","109.8556213",.0224303,1.75
8849,0,"missing","missing",.0328495,1.25
11888,0,"missing","missing",.0328495,1.375
16943,1,".4616884589","115.2474518",.0218379,1.75
22793,3,"1.002136827","110.3294144",.0233437,2.5625
5466,0,"missing","missing",.0233437,.625
543,0,"missing","missing",.0233437,.125
1440,0,"missing","missing",.0233437,.25
3080,0,"missing","missing",.0233437,.25
19101,2,".6308820844","116.0848999",.0198942,2.25
14531,1,".5291415453","115.1158142",.0223759,1.5
23696,3,".8189507723","106.5480804",.0251367,1.75
7215,0,"missing","missing",.0251367,.25
8039,1,".457480967","108.4906311",.0195175,1.5
13281,1,".4627785385","116.9291",.0207575,1.375
1942,0,"missing","missing",.0207575,.25
4137,0,"missing","missing",.0160267,.375
1742,0,"missing","missing",.0160267,.5
23740,2,".6309022903","97.92996216",.0434288,1.25
24531,2,".7241038084","112.1759186",.0165505,2.125
6907,0,"missing","missing",.0150904,.625
780,0,"missing","missing",.0150904,.125
12998,1,".5472792387","112.817421",.0195806,1.5
1921,0,"missing","missing",.0124935,.125
2806,0,"missing","missing",.0184582,.375
2039,0,"missing","missing",.0184582,.125
1602,0,"missing","missing",.0184582,.125
6099,0,"missing","missing",.0224627,1.125
28028,3,".8726828098","110.626915",.0172328,2.90625
7993,0,"missing","missing",.0151439,1
4815,1,".4866833687","107.0684052",.014478,1
6029,0,"missing","missing",.009786,.5
27597,2,".6493980885","108.5168076",.0152915,1.78125
10908,0,"missing","missing",.0136597,1.375
21947,2,".6839649081","108.9347305",.0147173,1.6875
6098,0,"missing","missing",.0130196,.625
10165,1,".5751049519","105.2248688",.0123955,.75
10986,0,"missing","missing",.0125614,1.3125
13231,1,".3454016149","106.8241348",.0154939,1.3125
14547,1,".4781113565","112.2714462",.0171857,1.5
16298,2,".8345572352","109.7519989",.0152079,1.25
2245,0,"missing","missing",.0152079,.125
11879,1,".8094422817","115.4501953",.0171732,1
18964,2,".9379882216","105.1158371",.0352774,1
7793,0,"missing","missing",.020018,1
7975,1,".7915924788","110.2389984",.014421,.875
6938,0,"missing","missing",.0167605,.9375
714,0,"missing","missing",.0167605,.125
31271,2,".51656425","107.8255844",.019379,2.6875
7942,1,".5932735801","100.2192688",.0255603,.875
5887,0,"missing","missing",.0209605,.75
2013,0,"missing","missing",.0209605,.375
5697,0,"missing","missing",.0209605,.875
2598,0,"missing","missing",.0208911,.375
3529,0,"missing","missing",.0208911,.5
2862,0,"missing","missing",.0217658,.5
601,0,"missing","missing",.0217658,.125
1028,0,"missing","missing",.0217658,.25
2033,0,"missing","missing",.0217658,.5
15521,2,".6984899044","110.1268387",.0231947,.875
5941,0,"missing","missing",.0231947,.875
